{
  "ABIRoot": {
    "kind": "Root",
    "name": "TopLevel",
    "printedName": "TopLevel",
    "children": [
      {
        "kind": "Import",
        "name": "Foundation",
        "printedName": "Foundation",
        "declKind": "Import",
        "moduleName": "SmartStore",
        "declAttributes": [
          "RawDocComment"
        ]
      },
      {
        "kind": "Import",
        "name": "Combine",
        "printedName": "Combine",
        "declKind": "Import",
        "moduleName": "SmartStore"
      },
      {
        "kind": "TypeDecl",
        "name": "Constants",
        "printedName": "Constants",
        "children": [
          {
            "kind": "Var",
            "name": "PAGE_SIZE",
            "printedName": "PAGE_SIZE",
            "children": [
              {
                "kind": "TypeNominal",
                "name": "UInt",
                "printedName": "Swift.UInt",
                "usr": "s:Su"
              }
            ],
            "declKind": "Var",
            "usr": "s:10SmartStore9ConstantsV9PAGE_SIZESuvpZ",
            "mangledName": "$s10SmartStore9ConstantsV9PAGE_SIZESuvpZ",
            "moduleName": "SmartStore",
            "static": true,
            "declAttributes": [
              "HasInitialValue",
              "HasStorage"
            ],
            "isLet": true,
            "hasStorage": true,
            "accessors": [
              {
                "kind": "Accessor",
                "name": "Get",
                "printedName": "Get()",
                "children": [
                  {
                    "kind": "TypeNominal",
                    "name": "UInt",
                    "printedName": "Swift.UInt",
                    "usr": "s:Su"
                  }
                ],
                "declKind": "Accessor",
                "usr": "s:10SmartStore9ConstantsV9PAGE_SIZESuvgZ",
                "mangledName": "$s10SmartStore9ConstantsV9PAGE_SIZESuvgZ",
                "moduleName": "SmartStore",
                "static": true,
                "implicit": true,
                "declAttributes": [
                  "Transparent"
                ],
                "accessorKind": "get"
              }
            ]
          },
          {
            "kind": "Constructor",
            "name": "init",
            "printedName": "init()",
            "children": [
              {
                "kind": "TypeNominal",
                "name": "Constants",
                "printedName": "SmartStore.Constants",
                "usr": "s:10SmartStore9ConstantsV"
              }
            ],
            "declKind": "Constructor",
            "usr": "s:10SmartStore9ConstantsVACycfc",
            "mangledName": "$s10SmartStore9ConstantsVACycfc",
            "moduleName": "SmartStore",
            "implicit": true,
            "init_kind": "Designated"
          }
        ],
        "declKind": "Struct",
        "usr": "s:10SmartStore9ConstantsV",
        "mangledName": "$s10SmartStore9ConstantsV",
        "moduleName": "SmartStore",
        "conformances": [
          {
            "kind": "Conformance",
            "name": "Sendable",
            "printedName": "Sendable",
            "usr": "s:s8SendableP",
            "mangledName": "$ss8SendableP"
          }
        ]
      },
      {
        "kind": "TypeDecl",
        "name": "SmartStoreError",
        "printedName": "SmartStoreError",
        "children": [
          {
            "kind": "Var",
            "name": "error",
            "printedName": "error",
            "children": [
              {
                "kind": "TypeFunc",
                "name": "Function",
                "printedName": "(SmartStore.SmartStoreError.Type) -> ((any Swift.Error)?) -> SmartStore.SmartStoreError",
                "children": [
                  {
                    "kind": "TypeFunc",
                    "name": "Function",
                    "printedName": "((any Swift.Error)?) -> SmartStore.SmartStoreError",
                    "children": [
                      {
                        "kind": "TypeNominal",
                        "name": "SmartStoreError",
                        "printedName": "SmartStore.SmartStoreError",
                        "usr": "s:10SmartStore0aB5ErrorO"
                      },
                      {
                        "kind": "TypeNominal",
                        "name": "Optional",
                        "printedName": "(any Swift.Error)?",
                        "children": [
                          {
                            "kind": "TypeNominal",
                            "name": "Error",
                            "printedName": "any Swift.Error",
                            "usr": "s:s5ErrorP"
                          }
                        ],
                        "usr": "s:Sq"
                      }
                    ]
                  },
                  {
                    "kind": "TypeNominal",
                    "name": "Metatype",
                    "printedName": "SmartStore.SmartStoreError.Type",
                    "children": [
                      {
                        "kind": "TypeNominal",
                        "name": "SmartStoreError",
                        "printedName": "SmartStore.SmartStoreError",
                        "usr": "s:10SmartStore0aB5ErrorO"
                      }
                    ]
                  }
                ]
              }
            ],
            "declKind": "EnumElement",
            "usr": "s:10SmartStore0aB5ErrorO5erroryACs0C0_pSgcACmF",
            "mangledName": "$s10SmartStore0aB5ErrorO5erroryACs0C0_pSgcACmF",
            "moduleName": "SmartStore"
          },
          {
            "kind": "Var",
            "name": "unknown",
            "printedName": "unknown",
            "children": [
              {
                "kind": "TypeFunc",
                "name": "Function",
                "printedName": "(SmartStore.SmartStoreError.Type) -> SmartStore.SmartStoreError",
                "children": [
                  {
                    "kind": "TypeNominal",
                    "name": "SmartStoreError",
                    "printedName": "SmartStore.SmartStoreError",
                    "usr": "s:10SmartStore0aB5ErrorO"
                  },
                  {
                    "kind": "TypeNominal",
                    "name": "Metatype",
                    "printedName": "SmartStore.SmartStoreError.Type",
                    "children": [
                      {
                        "kind": "TypeNominal",
                        "name": "SmartStoreError",
                        "printedName": "SmartStore.SmartStoreError",
                        "usr": "s:10SmartStore0aB5ErrorO"
                      }
                    ]
                  }
                ]
              }
            ],
            "declKind": "EnumElement",
            "usr": "s:10SmartStore0aB5ErrorO7unknownyA2CmF",
            "mangledName": "$s10SmartStore0aB5ErrorO7unknownyA2CmF",
            "moduleName": "SmartStore"
          }
        ],
        "declKind": "Enum",
        "usr": "s:10SmartStore0aB5ErrorO",
        "mangledName": "$s10SmartStore0aB5ErrorO",
        "moduleName": "SmartStore",
        "declAttributes": [
          "AccessControl",
          "RawDocComment"
        ],
        "conformances": [
          {
            "kind": "Conformance",
            "name": "Error",
            "printedName": "Error",
            "usr": "s:s5ErrorP",
            "mangledName": "$ss5ErrorP"
          },
          {
            "kind": "Conformance",
            "name": "Sendable",
            "printedName": "Sendable",
            "usr": "s:s8SendableP",
            "mangledName": "$ss8SendableP"
          }
        ]
      },
      {
        "kind": "TypeDecl",
        "name": "SmartStore",
        "printedName": "SmartStore",
        "children": [
          {
            "kind": "Function",
            "name": "registerSoup",
            "printedName": "registerSoup(withName:withIndexPaths:)",
            "children": [
              {
                "kind": "TypeNominal",
                "name": "Result",
                "printedName": "Swift.Result<Swift.Bool, SmartStore.SmartStoreError>",
                "children": [
                  {
                    "kind": "TypeNominal",
                    "name": "Bool",
                    "printedName": "Swift.Bool",
                    "usr": "s:Sb"
                  },
                  {
                    "kind": "TypeNominal",
                    "name": "SmartStoreError",
                    "printedName": "SmartStore.SmartStoreError",
                    "usr": "s:10SmartStore0aB5ErrorO"
                  }
                ],
                "usr": "s:s6ResultO"
              },
              {
                "kind": "TypeNominal",
                "name": "String",
                "printedName": "Swift.String",
                "usr": "s:SS"
              },
              {
                "kind": "TypeNominal",
                "name": "Array",
                "printedName": "[Swift.String]",
                "children": [
                  {
                    "kind": "TypeNominal",
                    "name": "String",
                    "printedName": "Swift.String",
                    "usr": "s:SS"
                  }
                ],
                "usr": "s:Sa"
              }
            ],
            "declKind": "Func",
            "usr": "s:So12SFSmartStoreC05SmartB0E12registerSoup8withName0F10IndexPathss6ResultOySbAC0cB5ErrorOGSS_SaySSGtF",
            "mangledName": "$sSo12SFSmartStoreC05SmartB0E12registerSoup8withName0F10IndexPathss6ResultOySbAC0cB5ErrorOGSS_SaySSGtF",
            "moduleName": "SmartStore",
            "isOpen": true,
            "declAttributes": [
              "AccessControl",
              "RawDocComment"
            ],
            "isFromExtension": true,
            "funcSelfKind": "NonMutating"
          },
          {
            "kind": "Function",
            "name": "query",
            "printedName": "query(_:)",
            "children": [
              {
                "kind": "TypeNominal",
                "name": "Result",
                "printedName": "Swift.Result<[Any], SmartStore.SmartStoreError>",
                "children": [
                  {
                    "kind": "TypeNominal",
                    "name": "Array",
                    "printedName": "[Any]",
                    "children": [
                      {
                        "kind": "TypeNominal",
                        "name": "ProtocolComposition",
                        "printedName": "Any"
                      }
                    ],
                    "usr": "s:Sa"
                  },
                  {
                    "kind": "TypeNominal",
                    "name": "SmartStoreError",
                    "printedName": "SmartStore.SmartStoreError",
                    "usr": "s:10SmartStore0aB5ErrorO"
                  }
                ],
                "usr": "s:s6ResultO"
              },
              {
                "kind": "TypeNominal",
                "name": "String",
                "printedName": "Swift.String",
                "usr": "s:SS"
              }
            ],
            "declKind": "Func",
            "usr": "s:So12SFSmartStoreC05SmartB0E5queryys6ResultOySayypGAC0cB5ErrorOGSSF",
            "mangledName": "$sSo12SFSmartStoreC05SmartB0E5queryys6ResultOySayypGAC0cB5ErrorOGSSF",
            "moduleName": "SmartStore",
            "isOpen": true,
            "declAttributes": [
              "AccessControl",
              "RawDocComment"
            ],
            "isFromExtension": true,
            "funcSelfKind": "NonMutating"
          },
          {
            "kind": "Function",
            "name": "publisher",
            "printedName": "publisher(for:)",
            "children": [
              {
                "kind": "TypeNominal",
                "name": "Future",
                "printedName": "Combine.Future<[Any], SmartStore.SmartStoreError>",
                "children": [
                  {
                    "kind": "TypeNominal",
                    "name": "Array",
                    "printedName": "[Any]",
                    "children": [
                      {
                        "kind": "TypeNominal",
                        "name": "ProtocolComposition",
                        "printedName": "Any"
                      }
                    ],
                    "usr": "s:Sa"
                  },
                  {
                    "kind": "TypeNominal",
                    "name": "SmartStoreError",
                    "printedName": "SmartStore.SmartStoreError",
                    "usr": "s:10SmartStore0aB5ErrorO"
                  }
                ],
                "usr": "s:7Combine6FutureC"
              },
              {
                "kind": "TypeNominal",
                "name": "String",
                "printedName": "Swift.String",
                "usr": "s:SS"
              }
            ],
            "declKind": "Func",
            "usr": "s:So12SFSmartStoreC05SmartB0E9publisher3for7Combine6FutureCySayypGAC0cB5ErrorOGSS_tF",
            "mangledName": "$sSo12SFSmartStoreC05SmartB0E9publisher3for7Combine6FutureCySayypGAC0cB5ErrorOGSS_tF",
            "moduleName": "SmartStore",
            "isOpen": true,
            "declAttributes": [
              "AccessControl",
              "RawDocComment"
            ],
            "isFromExtension": true,
            "funcSelfKind": "NonMutating"
          }
        ],
        "declKind": "Class",
        "usr": "c:objc(cs)SFSmartStore",
        "moduleName": "SmartStore",
        "isOpen": true,
        "objc_name": "SFSmartStore",
        "declAttributes": [
          "ObjC",
          "Dynamic"
        ],
        "superclassUsr": "c:objc(cs)NSObject",
        "isExternal": true,
        "inheritsConvenienceInitializers": true,
        "superclassNames": [
          "ObjectiveC.NSObject"
        ],
        "conformances": [
          {
            "kind": "Conformance",
            "name": "Equatable",
            "printedName": "Equatable",
            "usr": "s:SQ",
            "mangledName": "$sSQ"
          },
          {
            "kind": "Conformance",
            "name": "Hashable",
            "printedName": "Hashable",
            "usr": "s:SH",
            "mangledName": "$sSH"
          },
          {
            "kind": "Conformance",
            "name": "CVarArg",
            "printedName": "CVarArg",
            "usr": "s:s7CVarArgP",
            "mangledName": "$ss7CVarArgP"
          },
          {
            "kind": "Conformance",
            "name": "_KeyValueCodingAndObservingPublishing",
            "printedName": "_KeyValueCodingAndObservingPublishing",
            "usr": "s:10Foundation37_KeyValueCodingAndObservingPublishingP",
            "mangledName": "$s10Foundation37_KeyValueCodingAndObservingPublishingP"
          },
          {
            "kind": "Conformance",
            "name": "_KeyValueCodingAndObserving",
            "printedName": "_KeyValueCodingAndObserving",
            "usr": "s:10Foundation27_KeyValueCodingAndObservingP",
            "mangledName": "$s10Foundation27_KeyValueCodingAndObservingP"
          },
          {
            "kind": "Conformance",
            "name": "CustomStringConvertible",
            "printedName": "CustomStringConvertible",
            "usr": "s:s23CustomStringConvertibleP",
            "mangledName": "$ss23CustomStringConvertibleP"
          },
          {
            "kind": "Conformance",
            "name": "CustomDebugStringConvertible",
            "printedName": "CustomDebugStringConvertible",
            "usr": "s:s28CustomDebugStringConvertibleP",
            "mangledName": "$ss28CustomDebugStringConvertibleP"
          }
        ]
      }
    ],
    "json_format_version": 8
  },
  "ConstValues": [
    {
      "filePath": "\/Users\/wmathurin\/Development\/github\/wmathurin\/SalesforceMobileSDK-Package\/release12\/SalesforceMobileSDK-iOS-SPM\/SalesforceMobileSDK-iOS\/libs\/SmartStore\/SmartStore\/Classes\/Extensions\/SmartStore.swift",
      "kind": "IntegerLiteral",
      "offset": 1696,
      "length": 5,
      "value": "65536"
    }
  ]
}