{
  "ABIRoot": {
    "kind": "Root",
    "name": "TopLevel",
    "printedName": "TopLevel",
    "children": [
      {
        "kind": "Import",
        "name": "Foundation",
        "printedName": "Foundation",
        "declKind": "Import",
        "moduleName": "SalesforceSDKCommon",
        "declAttributes": [
          "RawDocComment"
        ]
      },
      {
        "kind": "TypeDecl",
        "name": "KeychainHelper",
        "printedName": "KeychainHelper",
        "children": [
          {
            "kind": "Var",
            "name": "accessGroup",
            "printedName": "accessGroup",
            "children": [
              {
                "kind": "TypeNominal",
                "name": "Optional",
                "printedName": "Swift.String?",
                "children": [
                  {
                    "kind": "TypeNominal",
                    "name": "String",
                    "printedName": "Swift.String",
                    "usr": "s:SS"
                  }
                ],
                "usr": "s:Sq"
              }
            ],
            "declKind": "Var",
            "usr": "c:@M@SalesforceSDKCommon@objc(cs)SFSDKKeychainHelper(cpy)accessGroup",
            "mangledName": "$s19SalesforceSDKCommon14KeychainHelperC11accessGroupSSSgvpZ",
            "moduleName": "SalesforceSDKCommon",
            "static": true,
            "declAttributes": [
              "HasInitialValue",
              "Final",
              "HasStorage",
              "AccessControl",
              "ObjC",
              "RawDocComment"
            ],
            "hasStorage": true,
            "accessors": [
              {
                "kind": "Accessor",
                "name": "Get",
                "printedName": "Get()",
                "children": [
                  {
                    "kind": "TypeNominal",
                    "name": "Optional",
                    "printedName": "Swift.String?",
                    "children": [
                      {
                        "kind": "TypeNominal",
                        "name": "String",
                        "printedName": "Swift.String",
                        "usr": "s:SS"
                      }
                    ],
                    "usr": "s:Sq"
                  }
                ],
                "declKind": "Accessor",
                "usr": "c:@M@SalesforceSDKCommon@objc(cs)SFSDKKeychainHelper(cm)accessGroup",
                "mangledName": "$s19SalesforceSDKCommon14KeychainHelperC11accessGroupSSSgvgZ",
                "moduleName": "SalesforceSDKCommon",
                "static": true,
                "implicit": true,
                "declAttributes": [
                  "Final",
                  "ObjC"
                ],
                "accessorKind": "get"
              },
              {
                "kind": "Accessor",
                "name": "Set",
                "printedName": "Set()",
                "children": [
                  {
                    "kind": "TypeNominal",
                    "name": "Void",
                    "printedName": "()"
                  },
                  {
                    "kind": "TypeNominal",
                    "name": "Optional",
                    "printedName": "Swift.String?",
                    "children": [
                      {
                        "kind": "TypeNominal",
                        "name": "String",
                        "printedName": "Swift.String",
                        "usr": "s:SS"
                      }
                    ],
                    "usr": "s:Sq"
                  }
                ],
                "declKind": "Accessor",
                "usr": "c:@M@SalesforceSDKCommon@objc(cs)SFSDKKeychainHelper(cm)setAccessGroup:",
                "mangledName": "$s19SalesforceSDKCommon14KeychainHelperC11accessGroupSSSgvsZ",
                "moduleName": "SalesforceSDKCommon",
                "static": true,
                "implicit": true,
                "declAttributes": [
                  "Final",
                  "ObjC"
                ],
                "accessorKind": "set"
              },
              {
                "kind": "Accessor",
                "name": "Modify",
                "printedName": "Modify()",
                "children": [
                  {
                    "kind": "TypeNominal",
                    "name": "Void",
                    "printedName": "()"
                  }
                ],
                "declKind": "Accessor",
                "usr": "s:19SalesforceSDKCommon14KeychainHelperC11accessGroupSSSgvMZ",
                "mangledName": "$s19SalesforceSDKCommon14KeychainHelperC11accessGroupSSSgvMZ",
                "moduleName": "SalesforceSDKCommon",
                "static": true,
                "implicit": true,
                "declAttributes": [
                  "Final"
                ],
                "accessorKind": "_modify"
              }
            ]
          },
          {
            "kind": "Var",
            "name": "cacheEnabled",
            "printedName": "cacheEnabled",
            "children": [
              {
                "kind": "TypeNominal",
                "name": "Bool",
                "printedName": "Swift.Bool",
                "usr": "s:Sb"
              }
            ],
            "declKind": "Var",
            "usr": "c:@M@SalesforceSDKCommon@objc(cs)SFSDKKeychainHelper(cpy)cacheEnabled",
            "mangledName": "$s19SalesforceSDKCommon14KeychainHelperC12cacheEnabledSbvpZ",
            "moduleName": "SalesforceSDKCommon",
            "static": true,
            "declAttributes": [
              "HasInitialValue",
              "Final",
              "HasStorage",
              "AccessControl",
              "ObjC"
            ],
            "hasStorage": true,
            "accessors": [
              {
                "kind": "Accessor",
                "name": "Get",
                "printedName": "Get()",
                "children": [
                  {
                    "kind": "TypeNominal",
                    "name": "Bool",
                    "printedName": "Swift.Bool",
                    "usr": "s:Sb"
                  }
                ],
                "declKind": "Accessor",
                "usr": "c:@M@SalesforceSDKCommon@objc(cs)SFSDKKeychainHelper(cm)cacheEnabled",
                "mangledName": "$s19SalesforceSDKCommon14KeychainHelperC12cacheEnabledSbvgZ",
                "moduleName": "SalesforceSDKCommon",
                "static": true,
                "implicit": true,
                "declAttributes": [
                  "Final",
                  "ObjC"
                ],
                "accessorKind": "get"
              },
              {
                "kind": "Accessor",
                "name": "Set",
                "printedName": "Set()",
                "children": [
                  {
                    "kind": "TypeNominal",
                    "name": "Void",
                    "printedName": "()"
                  },
                  {
                    "kind": "TypeNominal",
                    "name": "Bool",
                    "printedName": "Swift.Bool",
                    "usr": "s:Sb"
                  }
                ],
                "declKind": "Accessor",
                "usr": "c:@M@SalesforceSDKCommon@objc(cs)SFSDKKeychainHelper(cm)setCacheEnabled:",
                "mangledName": "$s19SalesforceSDKCommon14KeychainHelperC12cacheEnabledSbvsZ",
                "moduleName": "SalesforceSDKCommon",
                "static": true,
                "implicit": true,
                "declAttributes": [
                  "Final",
                  "ObjC"
                ],
                "accessorKind": "set"
              },
              {
                "kind": "Accessor",
                "name": "Modify",
                "printedName": "Modify()",
                "children": [
                  {
                    "kind": "TypeNominal",
                    "name": "Void",
                    "printedName": "()"
                  }
                ],
                "declKind": "Accessor",
                "usr": "s:19SalesforceSDKCommon14KeychainHelperC12cacheEnabledSbvMZ",
                "mangledName": "$s19SalesforceSDKCommon14KeychainHelperC12cacheEnabledSbvMZ",
                "moduleName": "SalesforceSDKCommon",
                "static": true,
                "implicit": true,
                "declAttributes": [
                  "Final"
                ],
                "accessorKind": "_modify"
              }
            ]
          },
          {
            "kind": "Var",
            "name": "accessibilityAttribute",
            "printedName": "accessibilityAttribute",
            "children": [
              {
                "kind": "TypeNominal",
                "name": "Optional",
                "printedName": "CoreFoundation.CFString?",
                "children": [
                  {
                    "kind": "TypeNominal",
                    "name": "CFString",
                    "printedName": "CoreFoundation.CFString",
                    "usr": "c:@T@CFStringRef"
                  }
                ],
                "usr": "s:Sq"
              }
            ],
            "declKind": "Var",
            "usr": "c:@M@SalesforceSDKCommon@objc(cs)SFSDKKeychainHelper(cpy)accessibilityAttribute",
            "mangledName": "$s19SalesforceSDKCommon14KeychainHelperC22accessibilityAttributeSo11CFStringRefaSgvpZ",
            "moduleName": "SalesforceSDKCommon",
            "static": true,
            "declAttributes": [
              "HasInitialValue",
              "Final",
              "HasStorage",
              "SetterAccess",
              "AccessControl",
              "ObjC"
            ],
            "hasStorage": true,
            "accessors": [
              {
                "kind": "Accessor",
                "name": "Get",
                "printedName": "Get()",
                "children": [
                  {
                    "kind": "TypeNominal",
                    "name": "Optional",
                    "printedName": "CoreFoundation.CFString?",
                    "children": [
                      {
                        "kind": "TypeNominal",
                        "name": "CFString",
                        "printedName": "CoreFoundation.CFString",
                        "usr": "c:@T@CFStringRef"
                      }
                    ],
                    "usr": "s:Sq"
                  }
                ],
                "declKind": "Accessor",
                "usr": "c:@M@SalesforceSDKCommon@objc(cs)SFSDKKeychainHelper(cm)accessibilityAttribute",
                "mangledName": "$s19SalesforceSDKCommon14KeychainHelperC22accessibilityAttributeSo11CFStringRefaSgvgZ",
                "moduleName": "SalesforceSDKCommon",
                "static": true,
                "implicit": true,
                "declAttributes": [
                  "Final",
                  "ObjC"
                ],
                "accessorKind": "get"
              }
            ]
          },
          {
            "kind": "TypeDecl",
            "name": "CacheMode",
            "printedName": "CacheMode",
            "children": [
              {
                "kind": "Var",
                "name": "unspecified",
                "printedName": "unspecified",
                "children": [
                  {
                    "kind": "TypeFunc",
                    "name": "Function",
                    "printedName": "(SalesforceSDKCommon.KeychainHelper.CacheMode.Type) -> SalesforceSDKCommon.KeychainHelper.CacheMode",
                    "children": [
                      {
                        "kind": "TypeNominal",
                        "name": "CacheMode",
                        "printedName": "SalesforceSDKCommon.KeychainHelper.CacheMode",
                        "usr": "s:19SalesforceSDKCommon14KeychainHelperC9CacheModeO"
                      },
                      {
                        "kind": "TypeNominal",
                        "name": "Metatype",
                        "printedName": "SalesforceSDKCommon.KeychainHelper.CacheMode.Type",
                        "children": [
                          {
                            "kind": "TypeNominal",
                            "name": "CacheMode",
                            "printedName": "SalesforceSDKCommon.KeychainHelper.CacheMode",
                            "usr": "s:19SalesforceSDKCommon14KeychainHelperC9CacheModeO"
                          }
                        ]
                      }
                    ]
                  }
                ],
                "declKind": "EnumElement",
                "usr": "s:19SalesforceSDKCommon14KeychainHelperC9CacheModeO11unspecifiedyA2EmF",
                "mangledName": "$s19SalesforceSDKCommon14KeychainHelperC9CacheModeO11unspecifiedyA2EmF",
                "moduleName": "SalesforceSDKCommon",
                "declAttributes": [
                  "ObjC"
                ],
                "fixedbinaryorder": 0
              },
              {
                "kind": "Var",
                "name": "enabled",
                "printedName": "enabled",
                "children": [
                  {
                    "kind": "TypeFunc",
                    "name": "Function",
                    "printedName": "(SalesforceSDKCommon.KeychainHelper.CacheMode.Type) -> SalesforceSDKCommon.KeychainHelper.CacheMode",
                    "children": [
                      {
                        "kind": "TypeNominal",
                        "name": "CacheMode",
                        "printedName": "SalesforceSDKCommon.KeychainHelper.CacheMode",
                        "usr": "s:19SalesforceSDKCommon14KeychainHelperC9CacheModeO"
                      },
                      {
                        "kind": "TypeNominal",
                        "name": "Metatype",
                        "printedName": "SalesforceSDKCommon.KeychainHelper.CacheMode.Type",
                        "children": [
                          {
                            "kind": "TypeNominal",
                            "name": "CacheMode",
                            "printedName": "SalesforceSDKCommon.KeychainHelper.CacheMode",
                            "usr": "s:19SalesforceSDKCommon14KeychainHelperC9CacheModeO"
                          }
                        ]
                      }
                    ]
                  }
                ],
                "declKind": "EnumElement",
                "usr": "s:19SalesforceSDKCommon14KeychainHelperC9CacheModeO7enabledyA2EmF",
                "mangledName": "$s19SalesforceSDKCommon14KeychainHelperC9CacheModeO7enabledyA2EmF",
                "moduleName": "SalesforceSDKCommon",
                "declAttributes": [
                  "ObjC"
                ],
                "fixedbinaryorder": 1
              },
              {
                "kind": "Var",
                "name": "disabled",
                "printedName": "disabled",
                "children": [
                  {
                    "kind": "TypeFunc",
                    "name": "Function",
                    "printedName": "(SalesforceSDKCommon.KeychainHelper.CacheMode.Type) -> SalesforceSDKCommon.KeychainHelper.CacheMode",
                    "children": [
                      {
                        "kind": "TypeNominal",
                        "name": "CacheMode",
                        "printedName": "SalesforceSDKCommon.KeychainHelper.CacheMode",
                        "usr": "s:19SalesforceSDKCommon14KeychainHelperC9CacheModeO"
                      },
                      {
                        "kind": "TypeNominal",
                        "name": "Metatype",
                        "printedName": "SalesforceSDKCommon.KeychainHelper.CacheMode.Type",
                        "children": [
                          {
                            "kind": "TypeNominal",
                            "name": "CacheMode",
                            "printedName": "SalesforceSDKCommon.KeychainHelper.CacheMode",
                            "usr": "s:19SalesforceSDKCommon14KeychainHelperC9CacheModeO"
                          }
                        ]
                      }
                    ]
                  }
                ],
                "declKind": "EnumElement",
                "usr": "s:19SalesforceSDKCommon14KeychainHelperC9CacheModeO8disabledyA2EmF",
                "mangledName": "$s19SalesforceSDKCommon14KeychainHelperC9CacheModeO8disabledyA2EmF",
                "moduleName": "SalesforceSDKCommon",
                "declAttributes": [
                  "ObjC"
                ],
                "fixedbinaryorder": 2
              },
              {
                "kind": "Constructor",
                "name": "init",
                "printedName": "init(rawValue:)",
                "children": [
                  {
                    "kind": "TypeNominal",
                    "name": "Optional",
                    "printedName": "SalesforceSDKCommon.KeychainHelper.CacheMode?",
                    "children": [
                      {
                        "kind": "TypeNominal",
                        "name": "CacheMode",
                        "printedName": "SalesforceSDKCommon.KeychainHelper.CacheMode",
                        "usr": "s:19SalesforceSDKCommon14KeychainHelperC9CacheModeO"
                      }
                    ],
                    "usr": "s:Sq"
                  },
                  {
                    "kind": "TypeNominal",
                    "name": "Int",
                    "printedName": "Swift.Int",
                    "usr": "s:Si"
                  }
                ],
                "declKind": "Constructor",
                "usr": "s:19SalesforceSDKCommon14KeychainHelperC9CacheModeO8rawValueAESgSi_tcfc",
                "mangledName": "$s19SalesforceSDKCommon14KeychainHelperC9CacheModeO8rawValueAESgSi_tcfc",
                "moduleName": "SalesforceSDKCommon",
                "implicit": true,
                "init_kind": "Designated"
              },
              {
                "kind": "Var",
                "name": "rawValue",
                "printedName": "rawValue",
                "children": [
                  {
                    "kind": "TypeNominal",
                    "name": "Int",
                    "printedName": "Swift.Int",
                    "usr": "s:Si"
                  }
                ],
                "declKind": "Var",
                "usr": "s:19SalesforceSDKCommon14KeychainHelperC9CacheModeO8rawValueSivp",
                "mangledName": "$s19SalesforceSDKCommon14KeychainHelperC9CacheModeO8rawValueSivp",
                "moduleName": "SalesforceSDKCommon",
                "implicit": true,
                "accessors": [
                  {
                    "kind": "Accessor",
                    "name": "Get",
                    "printedName": "Get()",
                    "children": [
                      {
                        "kind": "TypeNominal",
                        "name": "Int",
                        "printedName": "Swift.Int",
                        "usr": "s:Si"
                      }
                    ],
                    "declKind": "Accessor",
                    "usr": "s:19SalesforceSDKCommon14KeychainHelperC9CacheModeO8rawValueSivg",
                    "mangledName": "$s19SalesforceSDKCommon14KeychainHelperC9CacheModeO8rawValueSivg",
                    "moduleName": "SalesforceSDKCommon",
                    "implicit": true,
                    "accessorKind": "get"
                  }
                ]
              }
            ],
            "declKind": "Enum",
            "usr": "s:19SalesforceSDKCommon14KeychainHelperC9CacheModeO",
            "mangledName": "$s19SalesforceSDKCommon14KeychainHelperC9CacheModeO",
            "moduleName": "SalesforceSDKCommon",
            "declAttributes": [
              "AccessControl",
              "ObjC"
            ],
            "enumRawTypeName": "Int",
            "conformances": [
              {
                "kind": "Conformance",
                "name": "Equatable",
                "printedName": "Equatable",
                "usr": "s:SQ",
                "mangledName": "$sSQ"
              },
              {
                "kind": "Conformance",
                "name": "Hashable",
                "printedName": "Hashable",
                "usr": "s:SH",
                "mangledName": "$sSH"
              },
              {
                "kind": "Conformance",
                "name": "RawRepresentable",
                "printedName": "RawRepresentable",
                "children": [
                  {
                    "kind": "TypeWitness",
                    "name": "RawValue",
                    "printedName": "RawValue",
                    "children": [
                      {
                        "kind": "TypeNominal",
                        "name": "Int",
                        "printedName": "Swift.Int",
                        "usr": "s:Si"
                      }
                    ]
                  }
                ],
                "usr": "s:SY",
                "mangledName": "$sSY"
              }
            ]
          },
          {
            "kind": "Function",
            "name": "read",
            "printedName": "read(service:account:)",
            "children": [
              {
                "kind": "TypeNominal",
                "name": "KeychainResult",
                "printedName": "SalesforceSDKCommon.KeychainResult",
                "usr": "c:@M@SalesforceSDKCommon@objc(cs)SFSDKKeychainResult"
              },
              {
                "kind": "TypeNominal",
                "name": "String",
                "printedName": "Swift.String",
                "usr": "s:SS"
              },
              {
                "kind": "TypeNominal",
                "name": "Optional",
                "printedName": "Swift.String?",
                "children": [
                  {
                    "kind": "TypeNominal",
                    "name": "String",
                    "printedName": "Swift.String",
                    "usr": "s:SS"
                  }
                ],
                "usr": "s:Sq"
              }
            ],
            "declKind": "Func",
            "usr": "c:@M@SalesforceSDKCommon@objc(cs)SFSDKKeychainHelper(cm)readWithService:account:",
            "mangledName": "$s19SalesforceSDKCommon14KeychainHelperC4read7service7accountAA0C6ResultCSS_SSSgtFZ",
            "moduleName": "SalesforceSDKCommon",
            "static": true,
            "objc_name": "readWithService:account:",
            "declAttributes": [
              "AccessControl",
              "ObjC",
              "RawDocComment"
            ],
            "funcSelfKind": "NonMutating"
          },
          {
            "kind": "Function",
            "name": "read",
            "printedName": "read(service:account:accessGroup:cacheMode:)",
            "children": [
              {
                "kind": "TypeNominal",
                "name": "KeychainResult",
                "printedName": "SalesforceSDKCommon.KeychainResult",
                "usr": "c:@M@SalesforceSDKCommon@objc(cs)SFSDKKeychainResult"
              },
              {
                "kind": "TypeNominal",
                "name": "String",
                "printedName": "Swift.String",
                "usr": "s:SS"
              },
              {
                "kind": "TypeNominal",
                "name": "Optional",
                "printedName": "Swift.String?",
                "children": [
                  {
                    "kind": "TypeNominal",
                    "name": "String",
                    "printedName": "Swift.String",
                    "usr": "s:SS"
                  }
                ],
                "usr": "s:Sq"
              },
              {
                "kind": "TypeNominal",
                "name": "Optional",
                "printedName": "Swift.String?",
                "children": [
                  {
                    "kind": "TypeNominal",
                    "name": "String",
                    "printedName": "Swift.String",
                    "usr": "s:SS"
                  }
                ],
                "hasDefaultArg": true,
                "usr": "s:Sq"
              },
              {
                "kind": "TypeNominal",
                "name": "CacheMode",
                "printedName": "SalesforceSDKCommon.KeychainHelper.CacheMode",
                "usr": "s:19SalesforceSDKCommon14KeychainHelperC9CacheModeO"
              }
            ],
            "declKind": "Func",
            "usr": "c:@M@SalesforceSDKCommon@objc(cs)SFSDKKeychainHelper(cm)readWithService:account:accessGroup:cacheMode:",
            "mangledName": "$s19SalesforceSDKCommon14KeychainHelperC4read7service7account11accessGroup9cacheModeAA0C6ResultCSS_SSSgAkC05CacheK0OtFZ",
            "moduleName": "SalesforceSDKCommon",
            "static": true,
            "objc_name": "readWithService:account:accessGroup:cacheMode:",
            "declAttributes": [
              "AccessControl",
              "ObjC",
              "RawDocComment"
            ],
            "funcSelfKind": "NonMutating"
          },
          {
            "kind": "Function",
            "name": "createIfNotPresent",
            "printedName": "createIfNotPresent(service:account:)",
            "children": [
              {
                "kind": "TypeNominal",
                "name": "KeychainResult",
                "printedName": "SalesforceSDKCommon.KeychainResult",
                "usr": "c:@M@SalesforceSDKCommon@objc(cs)SFSDKKeychainResult"
              },
              {
                "kind": "TypeNominal",
                "name": "String",
                "printedName": "Swift.String",
                "usr": "s:SS"
              },
              {
                "kind": "TypeNominal",
                "name": "Optional",
                "printedName": "Swift.String?",
                "children": [
                  {
                    "kind": "TypeNominal",
                    "name": "String",
                    "printedName": "Swift.String",
                    "usr": "s:SS"
                  }
                ],
                "usr": "s:Sq"
              }
            ],
            "declKind": "Func",
            "usr": "c:@M@SalesforceSDKCommon@objc(cs)SFSDKKeychainHelper(cm)createIfNotPresentWithService:account:",
            "mangledName": "$s19SalesforceSDKCommon14KeychainHelperC18createIfNotPresent7service7accountAA0C6ResultCSS_SSSgtFZ",
            "moduleName": "SalesforceSDKCommon",
            "static": true,
            "objc_name": "createIfNotPresentWithService:account:",
            "declAttributes": [
              "AccessControl",
              "ObjC",
              "RawDocComment"
            ],
            "funcSelfKind": "NonMutating"
          },
          {
            "kind": "Function",
            "name": "createIfNotPresent",
            "printedName": "createIfNotPresent(service:account:accessGroup:cacheMode:)",
            "children": [
              {
                "kind": "TypeNominal",
                "name": "KeychainResult",
                "printedName": "SalesforceSDKCommon.KeychainResult",
                "usr": "c:@M@SalesforceSDKCommon@objc(cs)SFSDKKeychainResult"
              },
              {
                "kind": "TypeNominal",
                "name": "String",
                "printedName": "Swift.String",
                "usr": "s:SS"
              },
              {
                "kind": "TypeNominal",
                "name": "Optional",
                "printedName": "Swift.String?",
                "children": [
                  {
                    "kind": "TypeNominal",
                    "name": "String",
                    "printedName": "Swift.String",
                    "usr": "s:SS"
                  }
                ],
                "usr": "s:Sq"
              },
              {
                "kind": "TypeNominal",
                "name": "Optional",
                "printedName": "Swift.String?",
                "children": [
                  {
                    "kind": "TypeNominal",
                    "name": "String",
                    "printedName": "Swift.String",
                    "usr": "s:SS"
                  }
                ],
                "hasDefaultArg": true,
                "usr": "s:Sq"
              },
              {
                "kind": "TypeNominal",
                "name": "CacheMode",
                "printedName": "SalesforceSDKCommon.KeychainHelper.CacheMode",
                "hasDefaultArg": true,
                "usr": "s:19SalesforceSDKCommon14KeychainHelperC9CacheModeO"
              }
            ],
            "declKind": "Func",
            "usr": "c:@M@SalesforceSDKCommon@objc(cs)SFSDKKeychainHelper(cm)createIfNotPresentWithService:account:accessGroup:cacheMode:",
            "mangledName": "$s19SalesforceSDKCommon14KeychainHelperC18createIfNotPresent7service7account11accessGroup9cacheModeAA0C6ResultCSS_SSSgAkC05CacheN0OtFZ",
            "moduleName": "SalesforceSDKCommon",
            "static": true,
            "objc_name": "createIfNotPresentWithService:account:accessGroup:cacheMode:",
            "declAttributes": [
              "AccessControl",
              "ObjC",
              "RawDocComment"
            ],
            "funcSelfKind": "NonMutating"
          },
          {
            "kind": "Function",
            "name": "write",
            "printedName": "write(service:data:account:)",
            "children": [
              {
                "kind": "TypeNominal",
                "name": "KeychainResult",
                "printedName": "SalesforceSDKCommon.KeychainResult",
                "usr": "c:@M@SalesforceSDKCommon@objc(cs)SFSDKKeychainResult"
              },
              {
                "kind": "TypeNominal",
                "name": "String",
                "printedName": "Swift.String",
                "usr": "s:SS"
              },
              {
                "kind": "TypeNominal",
                "name": "Data",
                "printedName": "Foundation.Data",
                "usr": "s:10Foundation4DataV"
              },
              {
                "kind": "TypeNominal",
                "name": "Optional",
                "printedName": "Swift.String?",
                "children": [
                  {
                    "kind": "TypeNominal",
                    "name": "String",
                    "printedName": "Swift.String",
                    "usr": "s:SS"
                  }
                ],
                "usr": "s:Sq"
              }
            ],
            "declKind": "Func",
            "usr": "c:@M@SalesforceSDKCommon@objc(cs)SFSDKKeychainHelper(cm)writeWithService:data:account:",
            "mangledName": "$s19SalesforceSDKCommon14KeychainHelperC5write7service4data7accountAA0C6ResultCSS_10Foundation4DataVSSSgtFZ",
            "moduleName": "SalesforceSDKCommon",
            "static": true,
            "objc_name": "writeWithService:data:account:",
            "declAttributes": [
              "AccessControl",
              "ObjC",
              "RawDocComment"
            ],
            "funcSelfKind": "NonMutating"
          },
          {
            "kind": "Function",
            "name": "write",
            "printedName": "write(service:data:account:accessGroup:cacheMode:)",
            "children": [
              {
                "kind": "TypeNominal",
                "name": "KeychainResult",
                "printedName": "SalesforceSDKCommon.KeychainResult",
                "usr": "c:@M@SalesforceSDKCommon@objc(cs)SFSDKKeychainResult"
              },
              {
                "kind": "TypeNominal",
                "name": "String",
                "printedName": "Swift.String",
                "usr": "s:SS"
              },
              {
                "kind": "TypeNominal",
                "name": "Data",
                "printedName": "Foundation.Data",
                "usr": "s:10Foundation4DataV"
              },
              {
                "kind": "TypeNominal",
                "name": "Optional",
                "printedName": "Swift.String?",
                "children": [
                  {
                    "kind": "TypeNominal",
                    "name": "String",
                    "printedName": "Swift.String",
                    "usr": "s:SS"
                  }
                ],
                "usr": "s:Sq"
              },
              {
                "kind": "TypeNominal",
                "name": "Optional",
                "printedName": "Swift.String?",
                "children": [
                  {
                    "kind": "TypeNominal",
                    "name": "String",
                    "printedName": "Swift.String",
                    "usr": "s:SS"
                  }
                ],
                "hasDefaultArg": true,
                "usr": "s:Sq"
              },
              {
                "kind": "TypeNominal",
                "name": "CacheMode",
                "printedName": "SalesforceSDKCommon.KeychainHelper.CacheMode",
                "hasDefaultArg": true,
                "usr": "s:19SalesforceSDKCommon14KeychainHelperC9CacheModeO"
              }
            ],
            "declKind": "Func",
            "usr": "c:@M@SalesforceSDKCommon@objc(cs)SFSDKKeychainHelper(cm)writeWithService:data:account:accessGroup:cacheMode:",
            "mangledName": "$s19SalesforceSDKCommon14KeychainHelperC5write7service4data7account11accessGroup9cacheModeAA0C6ResultCSS_10Foundation4DataVSSSgAoC05CacheL0OtFZ",
            "moduleName": "SalesforceSDKCommon",
            "static": true,
            "objc_name": "writeWithService:data:account:accessGroup:cacheMode:",
            "declAttributes": [
              "AccessControl",
              "ObjC",
              "RawDocComment"
            ],
            "funcSelfKind": "NonMutating"
          },
          {
            "kind": "Function",
            "name": "reset",
            "printedName": "reset(service:account:)",
            "children": [
              {
                "kind": "TypeNominal",
                "name": "KeychainResult",
                "printedName": "SalesforceSDKCommon.KeychainResult",
                "usr": "c:@M@SalesforceSDKCommon@objc(cs)SFSDKKeychainResult"
              },
              {
                "kind": "TypeNominal",
                "name": "String",
                "printedName": "Swift.String",
                "usr": "s:SS"
              },
              {
                "kind": "TypeNominal",
                "name": "Optional",
                "printedName": "Swift.String?",
                "children": [
                  {
                    "kind": "TypeNominal",
                    "name": "String",
                    "printedName": "Swift.String",
                    "usr": "s:SS"
                  }
                ],
                "usr": "s:Sq"
              }
            ],
            "declKind": "Func",
            "usr": "c:@M@SalesforceSDKCommon@objc(cs)SFSDKKeychainHelper(cm)resetWithService:account:",
            "mangledName": "$s19SalesforceSDKCommon14KeychainHelperC5reset7service7accountAA0C6ResultCSS_SSSgtFZ",
            "moduleName": "SalesforceSDKCommon",
            "static": true,
            "objc_name": "resetWithService:account:",
            "declAttributes": [
              "AccessControl",
              "ObjC",
              "RawDocComment"
            ],
            "funcSelfKind": "NonMutating"
          },
          {
            "kind": "Function",
            "name": "reset",
            "printedName": "reset(service:account:accessGroup:cacheMode:)",
            "children": [
              {
                "kind": "TypeNominal",
                "name": "KeychainResult",
                "printedName": "SalesforceSDKCommon.KeychainResult",
                "usr": "c:@M@SalesforceSDKCommon@objc(cs)SFSDKKeychainResult"
              },
              {
                "kind": "TypeNominal",
                "name": "String",
                "printedName": "Swift.String",
                "usr": "s:SS"
              },
              {
                "kind": "TypeNominal",
                "name": "Optional",
                "printedName": "Swift.String?",
                "children": [
                  {
                    "kind": "TypeNominal",
                    "name": "String",
                    "printedName": "Swift.String",
                    "usr": "s:SS"
                  }
                ],
                "usr": "s:Sq"
              },
              {
                "kind": "TypeNominal",
                "name": "Optional",
                "printedName": "Swift.String?",
                "children": [
                  {
                    "kind": "TypeNominal",
                    "name": "String",
                    "printedName": "Swift.String",
                    "usr": "s:SS"
                  }
                ],
                "hasDefaultArg": true,
                "usr": "s:Sq"
              },
              {
                "kind": "TypeNominal",
                "name": "CacheMode",
                "printedName": "SalesforceSDKCommon.KeychainHelper.CacheMode",
                "hasDefaultArg": true,
                "usr": "s:19SalesforceSDKCommon14KeychainHelperC9CacheModeO"
              }
            ],
            "declKind": "Func",
            "usr": "c:@M@SalesforceSDKCommon@objc(cs)SFSDKKeychainHelper(cm)resetWithService:account:accessGroup:cacheMode:",
            "mangledName": "$s19SalesforceSDKCommon14KeychainHelperC5reset7service7account11accessGroup9cacheModeAA0C6ResultCSS_SSSgAkC05CacheK0OtFZ",
            "moduleName": "SalesforceSDKCommon",
            "static": true,
            "objc_name": "resetWithService:account:accessGroup:cacheMode:",
            "declAttributes": [
              "AccessControl",
              "ObjC"
            ],
            "funcSelfKind": "NonMutating"
          },
          {
            "kind": "Function",
            "name": "remove",
            "printedName": "remove(service:account:)",
            "children": [
              {
                "kind": "TypeNominal",
                "name": "KeychainResult",
                "printedName": "SalesforceSDKCommon.KeychainResult",
                "usr": "c:@M@SalesforceSDKCommon@objc(cs)SFSDKKeychainResult"
              },
              {
                "kind": "TypeNominal",
                "name": "String",
                "printedName": "Swift.String",
                "usr": "s:SS"
              },
              {
                "kind": "TypeNominal",
                "name": "Optional",
                "printedName": "Swift.String?",
                "children": [
                  {
                    "kind": "TypeNominal",
                    "name": "String",
                    "printedName": "Swift.String",
                    "usr": "s:SS"
                  }
                ],
                "usr": "s:Sq"
              }
            ],
            "declKind": "Func",
            "usr": "c:@M@SalesforceSDKCommon@objc(cs)SFSDKKeychainHelper(cm)removeWithService:account:",
            "mangledName": "$s19SalesforceSDKCommon14KeychainHelperC6remove7service7accountAA0C6ResultCSS_SSSgtFZ",
            "moduleName": "SalesforceSDKCommon",
            "static": true,
            "objc_name": "removeWithService:account:",
            "declAttributes": [
              "AccessControl",
              "ObjC",
              "RawDocComment"
            ],
            "funcSelfKind": "NonMutating"
          },
          {
            "kind": "Function",
            "name": "remove",
            "printedName": "remove(service:account:accessGroup:cacheMode:)",
            "children": [
              {
                "kind": "TypeNominal",
                "name": "KeychainResult",
                "printedName": "SalesforceSDKCommon.KeychainResult",
                "usr": "c:@M@SalesforceSDKCommon@objc(cs)SFSDKKeychainResult"
              },
              {
                "kind": "TypeNominal",
                "name": "String",
                "printedName": "Swift.String",
                "usr": "s:SS"
              },
              {
                "kind": "TypeNominal",
                "name": "Optional",
                "printedName": "Swift.String?",
                "children": [
                  {
                    "kind": "TypeNominal",
                    "name": "String",
                    "printedName": "Swift.String",
                    "usr": "s:SS"
                  }
                ],
                "usr": "s:Sq"
              },
              {
                "kind": "TypeNominal",
                "name": "Optional",
                "printedName": "Swift.String?",
                "children": [
                  {
                    "kind": "TypeNominal",
                    "name": "String",
                    "printedName": "Swift.String",
                    "usr": "s:SS"
                  }
                ],
                "hasDefaultArg": true,
                "usr": "s:Sq"
              },
              {
                "kind": "TypeNominal",
                "name": "CacheMode",
                "printedName": "SalesforceSDKCommon.KeychainHelper.CacheMode",
                "hasDefaultArg": true,
                "usr": "s:19SalesforceSDKCommon14KeychainHelperC9CacheModeO"
              }
            ],
            "declKind": "Func",
            "usr": "c:@M@SalesforceSDKCommon@objc(cs)SFSDKKeychainHelper(cm)removeWithService:account:accessGroup:cacheMode:",
            "mangledName": "$s19SalesforceSDKCommon14KeychainHelperC6remove7service7account11accessGroup9cacheModeAA0C6ResultCSS_SSSgAkC05CacheK0OtFZ",
            "moduleName": "SalesforceSDKCommon",
            "static": true,
            "objc_name": "removeWithService:account:accessGroup:cacheMode:",
            "declAttributes": [
              "AccessControl",
              "ObjC",
              "DiscardableResult"
            ],
            "funcSelfKind": "NonMutating"
          },
          {
            "kind": "Function",
            "name": "removeAll",
            "printedName": "removeAll()",
            "children": [
              {
                "kind": "TypeNominal",
                "name": "KeychainResult",
                "printedName": "SalesforceSDKCommon.KeychainResult",
                "usr": "c:@M@SalesforceSDKCommon@objc(cs)SFSDKKeychainResult"
              }
            ],
            "declKind": "Func",
            "usr": "c:@M@SalesforceSDKCommon@objc(cs)SFSDKKeychainHelper(cm)removeAll",
            "mangledName": "$s19SalesforceSDKCommon14KeychainHelperC9removeAllAA0C6ResultCyFZ",
            "moduleName": "SalesforceSDKCommon",
            "static": true,
            "declAttributes": [
              "AccessControl",
              "ObjC",
              "RawDocComment"
            ],
            "funcSelfKind": "NonMutating"
          },
          {
            "kind": "Function",
            "name": "setAccessibleAttribute",
            "printedName": "setAccessibleAttribute(_:)",
            "children": [
              {
                "kind": "TypeNominal",
                "name": "KeychainResult",
                "printedName": "SalesforceSDKCommon.KeychainResult",
                "usr": "c:@M@SalesforceSDKCommon@objc(cs)SFSDKKeychainResult"
              },
              {
                "kind": "TypeNominal",
                "name": "KeychainItemAccessibility",
                "printedName": "SalesforceSDKCommon.KeychainItemAccessibility",
                "usr": "c:@M@SalesforceSDKCommon@E@KeychainItemAccessibility"
              }
            ],
            "declKind": "Func",
            "usr": "c:@M@SalesforceSDKCommon@objc(cs)SFSDKKeychainHelper(cm)setAccessibleAttribute:",
            "mangledName": "$s19SalesforceSDKCommon14KeychainHelperC22setAccessibleAttributeyAA0C6ResultCAA0C17ItemAccessibilityOFZ",
            "moduleName": "SalesforceSDKCommon",
            "static": true,
            "declAttributes": [
              "AccessControl",
              "DiscardableResult",
              "ObjC",
              "RawDocComment"
            ],
            "funcSelfKind": "NonMutating"
          },
          {
            "kind": "Function",
            "name": "clearCaches",
            "printedName": "clearCaches()",
            "children": [
              {
                "kind": "TypeNominal",
                "name": "Void",
                "printedName": "()"
              }
            ],
            "declKind": "Func",
            "usr": "c:@M@SalesforceSDKCommon@objc(cs)SFSDKKeychainHelper(cm)clearCaches",
            "mangledName": "$s19SalesforceSDKCommon14KeychainHelperC11clearCachesyyFZ",
            "moduleName": "SalesforceSDKCommon",
            "static": true,
            "declAttributes": [
              "AccessControl",
              "ObjC",
              "RawDocComment"
            ],
            "funcSelfKind": "NonMutating"
          },
          {
            "kind": "Constructor",
            "name": "init",
            "printedName": "init()",
            "children": [
              {
                "kind": "TypeNominal",
                "name": "KeychainHelper",
                "printedName": "SalesforceSDKCommon.KeychainHelper",
                "usr": "c:@M@SalesforceSDKCommon@objc(cs)SFSDKKeychainHelper"
              }
            ],
            "declKind": "Constructor",
            "usr": "c:@M@SalesforceSDKCommon@objc(cs)SFSDKKeychainHelper(im)init",
            "mangledName": "$s19SalesforceSDKCommon14KeychainHelperCACycfc",
            "moduleName": "SalesforceSDKCommon",
            "overriding": true,
            "implicit": true,
            "objc_name": "init",
            "declAttributes": [
              "Dynamic",
              "ObjC",
              "Override"
            ],
            "init_kind": "Designated"
          }
        ],
        "declKind": "Class",
        "usr": "c:@M@SalesforceSDKCommon@objc(cs)SFSDKKeychainHelper",
        "mangledName": "$s19SalesforceSDKCommon14KeychainHelperC",
        "moduleName": "SalesforceSDKCommon",
        "objc_name": "SFSDKKeychainHelper",
        "declAttributes": [
          "AccessControl",
          "ObjC"
        ],
        "superclassUsr": "c:objc(cs)NSObject",
        "inheritsConvenienceInitializers": true,
        "superclassNames": [
          "ObjectiveC.NSObject"
        ],
        "conformances": [
          {
            "kind": "Conformance",
            "name": "Equatable",
            "printedName": "Equatable",
            "usr": "s:SQ",
            "mangledName": "$sSQ"
          },
          {
            "kind": "Conformance",
            "name": "Hashable",
            "printedName": "Hashable",
            "usr": "s:SH",
            "mangledName": "$sSH"
          },
          {
            "kind": "Conformance",
            "name": "CVarArg",
            "printedName": "CVarArg",
            "usr": "s:s7CVarArgP",
            "mangledName": "$ss7CVarArgP"
          },
          {
            "kind": "Conformance",
            "name": "_KeyValueCodingAndObservingPublishing",
            "printedName": "_KeyValueCodingAndObservingPublishing",
            "usr": "s:10Foundation37_KeyValueCodingAndObservingPublishingP",
            "mangledName": "$s10Foundation37_KeyValueCodingAndObservingPublishingP"
          },
          {
            "kind": "Conformance",
            "name": "_KeyValueCodingAndObserving",
            "printedName": "_KeyValueCodingAndObserving",
            "usr": "s:10Foundation27_KeyValueCodingAndObservingP",
            "mangledName": "$s10Foundation27_KeyValueCodingAndObservingP"
          },
          {
            "kind": "Conformance",
            "name": "CustomStringConvertible",
            "printedName": "CustomStringConvertible",
            "usr": "s:s23CustomStringConvertibleP",
            "mangledName": "$ss23CustomStringConvertibleP"
          },
          {
            "kind": "Conformance",
            "name": "CustomDebugStringConvertible",
            "printedName": "CustomDebugStringConvertible",
            "usr": "s:s28CustomDebugStringConvertibleP",
            "mangledName": "$ss28CustomDebugStringConvertibleP"
          }
        ]
      },
      {
        "kind": "TypeDecl",
        "name": "KeychainResult",
        "printedName": "KeychainResult",
        "children": [
          {
            "kind": "Var",
            "name": "success",
            "printedName": "success",
            "children": [
              {
                "kind": "TypeNominal",
                "name": "Bool",
                "printedName": "Swift.Bool",
                "usr": "s:Sb"
              }
            ],
            "declKind": "Var",
            "usr": "c:@M@SalesforceSDKCommon@objc(cs)SFSDKKeychainResult(py)success",
            "mangledName": "$s19SalesforceSDKCommon14KeychainResultC7successSbvp",
            "moduleName": "SalesforceSDKCommon",
            "declAttributes": [
              "Final",
              "HasStorage",
              "AccessControl",
              "ObjC"
            ],
            "isLet": true,
            "hasStorage": true,
            "accessors": [
              {
                "kind": "Accessor",
                "name": "Get",
                "printedName": "Get()",
                "children": [
                  {
                    "kind": "TypeNominal",
                    "name": "Bool",
                    "printedName": "Swift.Bool",
                    "usr": "s:Sb"
                  }
                ],
                "declKind": "Accessor",
                "usr": "c:@M@SalesforceSDKCommon@objc(cs)SFSDKKeychainResult(im)success",
                "mangledName": "$s19SalesforceSDKCommon14KeychainResultC7successSbvg",
                "moduleName": "SalesforceSDKCommon",
                "implicit": true,
                "declAttributes": [
                  "Final",
                  "ObjC"
                ],
                "accessorKind": "get"
              }
            ]
          },
          {
            "kind": "Var",
            "name": "status",
            "printedName": "status",
            "children": [
              {
                "kind": "TypeNominal",
                "name": "Int32",
                "printedName": "Swift.Int32",
                "usr": "s:s5Int32V"
              }
            ],
            "declKind": "Var",
            "usr": "c:@M@SalesforceSDKCommon@objc(cs)SFSDKKeychainResult(py)status",
            "mangledName": "$s19SalesforceSDKCommon14KeychainResultC6statuss5Int32Vvp",
            "moduleName": "SalesforceSDKCommon",
            "declAttributes": [
              "Final",
              "HasStorage",
              "AccessControl",
              "ObjC"
            ],
            "isLet": true,
            "hasStorage": true,
            "accessors": [
              {
                "kind": "Accessor",
                "name": "Get",
                "printedName": "Get()",
                "children": [
                  {
                    "kind": "TypeNominal",
                    "name": "Int32",
                    "printedName": "Swift.Int32",
                    "usr": "s:s5Int32V"
                  }
                ],
                "declKind": "Accessor",
                "usr": "c:@M@SalesforceSDKCommon@objc(cs)SFSDKKeychainResult(im)status",
                "mangledName": "$s19SalesforceSDKCommon14KeychainResultC6statuss5Int32Vvg",
                "moduleName": "SalesforceSDKCommon",
                "implicit": true,
                "declAttributes": [
                  "Final",
                  "ObjC"
                ],
                "accessorKind": "get"
              }
            ]
          },
          {
            "kind": "Var",
            "name": "data",
            "printedName": "data",
            "children": [
              {
                "kind": "TypeNominal",
                "name": "Optional",
                "printedName": "Foundation.Data?",
                "children": [
                  {
                    "kind": "TypeNominal",
                    "name": "Data",
                    "printedName": "Foundation.Data",
                    "usr": "s:10Foundation4DataV"
                  }
                ],
                "usr": "s:Sq"
              }
            ],
            "declKind": "Var",
            "usr": "c:@M@SalesforceSDKCommon@objc(cs)SFSDKKeychainResult(py)data",
            "mangledName": "$s19SalesforceSDKCommon14KeychainResultC4data10Foundation4DataVSgvp",
            "moduleName": "SalesforceSDKCommon",
            "declAttributes": [
              "Final",
              "HasStorage",
              "AccessControl",
              "ObjC"
            ],
            "isLet": true,
            "hasStorage": true,
            "accessors": [
              {
                "kind": "Accessor",
                "name": "Get",
                "printedName": "Get()",
                "children": [
                  {
                    "kind": "TypeNominal",
                    "name": "Optional",
                    "printedName": "Foundation.Data?",
                    "children": [
                      {
                        "kind": "TypeNominal",
                        "name": "Data",
                        "printedName": "Foundation.Data",
                        "usr": "s:10Foundation4DataV"
                      }
                    ],
                    "usr": "s:Sq"
                  }
                ],
                "declKind": "Accessor",
                "usr": "c:@M@SalesforceSDKCommon@objc(cs)SFSDKKeychainResult(im)data",
                "mangledName": "$s19SalesforceSDKCommon14KeychainResultC4data10Foundation4DataVSgvg",
                "moduleName": "SalesforceSDKCommon",
                "implicit": true,
                "declAttributes": [
                  "Final",
                  "ObjC"
                ],
                "accessorKind": "get"
              }
            ]
          },
          {
            "kind": "Var",
            "name": "error",
            "printedName": "error",
            "children": [
              {
                "kind": "TypeNominal",
                "name": "Optional",
                "printedName": "Foundation.NSError?",
                "children": [
                  {
                    "kind": "TypeNominal",
                    "name": "NSError",
                    "printedName": "Foundation.NSError",
                    "usr": "c:objc(cs)NSError"
                  }
                ],
                "usr": "s:Sq"
              }
            ],
            "declKind": "Var",
            "usr": "c:@M@SalesforceSDKCommon@objc(cs)SFSDKKeychainResult(py)error",
            "mangledName": "$s19SalesforceSDKCommon14KeychainResultC5errorSo7NSErrorCSgvp",
            "moduleName": "SalesforceSDKCommon",
            "declAttributes": [
              "Final",
              "HasStorage",
              "AccessControl",
              "ObjC"
            ],
            "isLet": true,
            "hasStorage": true,
            "accessors": [
              {
                "kind": "Accessor",
                "name": "Get",
                "printedName": "Get()",
                "children": [
                  {
                    "kind": "TypeNominal",
                    "name": "Optional",
                    "printedName": "Foundation.NSError?",
                    "children": [
                      {
                        "kind": "TypeNominal",
                        "name": "NSError",
                        "printedName": "Foundation.NSError",
                        "usr": "c:objc(cs)NSError"
                      }
                    ],
                    "usr": "s:Sq"
                  }
                ],
                "declKind": "Accessor",
                "usr": "c:@M@SalesforceSDKCommon@objc(cs)SFSDKKeychainResult(im)error",
                "mangledName": "$s19SalesforceSDKCommon14KeychainResultC5errorSo7NSErrorCSgvg",
                "moduleName": "SalesforceSDKCommon",
                "implicit": true,
                "declAttributes": [
                  "Final",
                  "ObjC"
                ],
                "accessorKind": "get"
              }
            ]
          },
          {
            "kind": "Constructor",
            "name": "init",
            "printedName": "init()",
            "children": [
              {
                "kind": "TypeNominal",
                "name": "KeychainResult",
                "printedName": "SalesforceSDKCommon.KeychainResult",
                "usr": "c:@M@SalesforceSDKCommon@objc(cs)SFSDKKeychainResult"
              }
            ],
            "declKind": "Constructor",
            "usr": "c:@M@SalesforceSDKCommon@objc(cs)SFSDKKeychainResult(im)init",
            "mangledName": "$s19SalesforceSDKCommon14KeychainResultCACycfc",
            "moduleName": "SalesforceSDKCommon",
            "overriding": true,
            "implicit": true,
            "objc_name": "init",
            "declAttributes": [
              "Dynamic",
              "ObjC",
              "Override"
            ],
            "init_kind": "Designated"
          }
        ],
        "declKind": "Class",
        "usr": "c:@M@SalesforceSDKCommon@objc(cs)SFSDKKeychainResult",
        "mangledName": "$s19SalesforceSDKCommon14KeychainResultC",
        "moduleName": "SalesforceSDKCommon",
        "objc_name": "SFSDKKeychainResult",
        "declAttributes": [
          "AccessControl",
          "ObjC"
        ],
        "superclassUsr": "c:objc(cs)NSObject",
        "hasMissingDesignatedInitializers": true,
        "superclassNames": [
          "ObjectiveC.NSObject"
        ],
        "conformances": [
          {
            "kind": "Conformance",
            "name": "Equatable",
            "printedName": "Equatable",
            "usr": "s:SQ",
            "mangledName": "$sSQ"
          },
          {
            "kind": "Conformance",
            "name": "Hashable",
            "printedName": "Hashable",
            "usr": "s:SH",
            "mangledName": "$sSH"
          },
          {
            "kind": "Conformance",
            "name": "CVarArg",
            "printedName": "CVarArg",
            "usr": "s:s7CVarArgP",
            "mangledName": "$ss7CVarArgP"
          },
          {
            "kind": "Conformance",
            "name": "_KeyValueCodingAndObservingPublishing",
            "printedName": "_KeyValueCodingAndObservingPublishing",
            "usr": "s:10Foundation37_KeyValueCodingAndObservingPublishingP",
            "mangledName": "$s10Foundation37_KeyValueCodingAndObservingPublishingP"
          },
          {
            "kind": "Conformance",
            "name": "_KeyValueCodingAndObserving",
            "printedName": "_KeyValueCodingAndObserving",
            "usr": "s:10Foundation27_KeyValueCodingAndObservingP",
            "mangledName": "$s10Foundation27_KeyValueCodingAndObservingP"
          },
          {
            "kind": "Conformance",
            "name": "CustomStringConvertible",
            "printedName": "CustomStringConvertible",
            "usr": "s:s23CustomStringConvertibleP",
            "mangledName": "$ss23CustomStringConvertibleP"
          },
          {
            "kind": "Conformance",
            "name": "CustomDebugStringConvertible",
            "printedName": "CustomDebugStringConvertible",
            "usr": "s:s28CustomDebugStringConvertibleP",
            "mangledName": "$ss28CustomDebugStringConvertibleP"
          }
        ]
      },
      {
        "kind": "TypeDecl",
        "name": "KeychainItemAccessibility",
        "printedName": "KeychainItemAccessibility",
        "children": [
          {
            "kind": "Var",
            "name": "whenUnlocked",
            "printedName": "whenUnlocked",
            "children": [
              {
                "kind": "TypeFunc",
                "name": "Function",
                "printedName": "(SalesforceSDKCommon.KeychainItemAccessibility.Type) -> SalesforceSDKCommon.KeychainItemAccessibility",
                "children": [
                  {
                    "kind": "TypeNominal",
                    "name": "KeychainItemAccessibility",
                    "printedName": "SalesforceSDKCommon.KeychainItemAccessibility",
                    "usr": "c:@M@SalesforceSDKCommon@E@KeychainItemAccessibility"
                  },
                  {
                    "kind": "TypeNominal",
                    "name": "Metatype",
                    "printedName": "SalesforceSDKCommon.KeychainItemAccessibility.Type",
                    "children": [
                      {
                        "kind": "TypeNominal",
                        "name": "KeychainItemAccessibility",
                        "printedName": "SalesforceSDKCommon.KeychainItemAccessibility",
                        "usr": "c:@M@SalesforceSDKCommon@E@KeychainItemAccessibility"
                      }
                    ]
                  }
                ]
              }
            ],
            "declKind": "EnumElement",
            "usr": "c:@M@SalesforceSDKCommon@E@KeychainItemAccessibility@KeychainItemAccessibilityWhenUnlocked",
            "mangledName": "$s19SalesforceSDKCommon25KeychainItemAccessibilityO12whenUnlockedyA2CmF",
            "moduleName": "SalesforceSDKCommon",
            "declAttributes": [
              "ObjC"
            ],
            "fixedbinaryorder": 0
          },
          {
            "kind": "Var",
            "name": "whenUnlockedThisDeviceOnly",
            "printedName": "whenUnlockedThisDeviceOnly",
            "children": [
              {
                "kind": "TypeFunc",
                "name": "Function",
                "printedName": "(SalesforceSDKCommon.KeychainItemAccessibility.Type) -> SalesforceSDKCommon.KeychainItemAccessibility",
                "children": [
                  {
                    "kind": "TypeNominal",
                    "name": "KeychainItemAccessibility",
                    "printedName": "SalesforceSDKCommon.KeychainItemAccessibility",
                    "usr": "c:@M@SalesforceSDKCommon@E@KeychainItemAccessibility"
                  },
                  {
                    "kind": "TypeNominal",
                    "name": "Metatype",
                    "printedName": "SalesforceSDKCommon.KeychainItemAccessibility.Type",
                    "children": [
                      {
                        "kind": "TypeNominal",
                        "name": "KeychainItemAccessibility",
                        "printedName": "SalesforceSDKCommon.KeychainItemAccessibility",
                        "usr": "c:@M@SalesforceSDKCommon@E@KeychainItemAccessibility"
                      }
                    ]
                  }
                ]
              }
            ],
            "declKind": "EnumElement",
            "usr": "c:@M@SalesforceSDKCommon@E@KeychainItemAccessibility@KeychainItemAccessibilityWhenUnlockedThisDeviceOnly",
            "mangledName": "$s19SalesforceSDKCommon25KeychainItemAccessibilityO26whenUnlockedThisDeviceOnlyyA2CmF",
            "moduleName": "SalesforceSDKCommon",
            "declAttributes": [
              "ObjC"
            ],
            "fixedbinaryorder": 1
          },
          {
            "kind": "Var",
            "name": "afterFirstUnlock",
            "printedName": "afterFirstUnlock",
            "children": [
              {
                "kind": "TypeFunc",
                "name": "Function",
                "printedName": "(SalesforceSDKCommon.KeychainItemAccessibility.Type) -> SalesforceSDKCommon.KeychainItemAccessibility",
                "children": [
                  {
                    "kind": "TypeNominal",
                    "name": "KeychainItemAccessibility",
                    "printedName": "SalesforceSDKCommon.KeychainItemAccessibility",
                    "usr": "c:@M@SalesforceSDKCommon@E@KeychainItemAccessibility"
                  },
                  {
                    "kind": "TypeNominal",
                    "name": "Metatype",
                    "printedName": "SalesforceSDKCommon.KeychainItemAccessibility.Type",
                    "children": [
                      {
                        "kind": "TypeNominal",
                        "name": "KeychainItemAccessibility",
                        "printedName": "SalesforceSDKCommon.KeychainItemAccessibility",
                        "usr": "c:@M@SalesforceSDKCommon@E@KeychainItemAccessibility"
                      }
                    ]
                  }
                ]
              }
            ],
            "declKind": "EnumElement",
            "usr": "c:@M@SalesforceSDKCommon@E@KeychainItemAccessibility@KeychainItemAccessibilityAfterFirstUnlock",
            "mangledName": "$s19SalesforceSDKCommon25KeychainItemAccessibilityO16afterFirstUnlockyA2CmF",
            "moduleName": "SalesforceSDKCommon",
            "declAttributes": [
              "ObjC"
            ],
            "fixedbinaryorder": 2
          },
          {
            "kind": "Var",
            "name": "afterFirstUnlockThisDeviceOnly",
            "printedName": "afterFirstUnlockThisDeviceOnly",
            "children": [
              {
                "kind": "TypeFunc",
                "name": "Function",
                "printedName": "(SalesforceSDKCommon.KeychainItemAccessibility.Type) -> SalesforceSDKCommon.KeychainItemAccessibility",
                "children": [
                  {
                    "kind": "TypeNominal",
                    "name": "KeychainItemAccessibility",
                    "printedName": "SalesforceSDKCommon.KeychainItemAccessibility",
                    "usr": "c:@M@SalesforceSDKCommon@E@KeychainItemAccessibility"
                  },
                  {
                    "kind": "TypeNominal",
                    "name": "Metatype",
                    "printedName": "SalesforceSDKCommon.KeychainItemAccessibility.Type",
                    "children": [
                      {
                        "kind": "TypeNominal",
                        "name": "KeychainItemAccessibility",
                        "printedName": "SalesforceSDKCommon.KeychainItemAccessibility",
                        "usr": "c:@M@SalesforceSDKCommon@E@KeychainItemAccessibility"
                      }
                    ]
                  }
                ]
              }
            ],
            "declKind": "EnumElement",
            "usr": "c:@M@SalesforceSDKCommon@E@KeychainItemAccessibility@KeychainItemAccessibilityAfterFirstUnlockThisDeviceOnly",
            "mangledName": "$s19SalesforceSDKCommon25KeychainItemAccessibilityO30afterFirstUnlockThisDeviceOnlyyA2CmF",
            "moduleName": "SalesforceSDKCommon",
            "declAttributes": [
              "ObjC"
            ],
            "fixedbinaryorder": 3
          },
          {
            "kind": "Var",
            "name": "whenPasscodeSetThisDeviceOnly",
            "printedName": "whenPasscodeSetThisDeviceOnly",
            "children": [
              {
                "kind": "TypeFunc",
                "name": "Function",
                "printedName": "(SalesforceSDKCommon.KeychainItemAccessibility.Type) -> SalesforceSDKCommon.KeychainItemAccessibility",
                "children": [
                  {
                    "kind": "TypeNominal",
                    "name": "KeychainItemAccessibility",
                    "printedName": "SalesforceSDKCommon.KeychainItemAccessibility",
                    "usr": "c:@M@SalesforceSDKCommon@E@KeychainItemAccessibility"
                  },
                  {
                    "kind": "TypeNominal",
                    "name": "Metatype",
                    "printedName": "SalesforceSDKCommon.KeychainItemAccessibility.Type",
                    "children": [
                      {
                        "kind": "TypeNominal",
                        "name": "KeychainItemAccessibility",
                        "printedName": "SalesforceSDKCommon.KeychainItemAccessibility",
                        "usr": "c:@M@SalesforceSDKCommon@E@KeychainItemAccessibility"
                      }
                    ]
                  }
                ]
              }
            ],
            "declKind": "EnumElement",
            "usr": "c:@M@SalesforceSDKCommon@E@KeychainItemAccessibility@KeychainItemAccessibilityWhenPasscodeSetThisDeviceOnly",
            "mangledName": "$s19SalesforceSDKCommon25KeychainItemAccessibilityO29whenPasscodeSetThisDeviceOnlyyA2CmF",
            "moduleName": "SalesforceSDKCommon",
            "declAttributes": [
              "ObjC"
            ],
            "fixedbinaryorder": 4
          },
          {
            "kind": "Constructor",
            "name": "init",
            "printedName": "init(rawValue:)",
            "children": [
              {
                "kind": "TypeNominal",
                "name": "Optional",
                "printedName": "SalesforceSDKCommon.KeychainItemAccessibility?",
                "children": [
                  {
                    "kind": "TypeNominal",
                    "name": "KeychainItemAccessibility",
                    "printedName": "SalesforceSDKCommon.KeychainItemAccessibility",
                    "usr": "c:@M@SalesforceSDKCommon@E@KeychainItemAccessibility"
                  }
                ],
                "usr": "s:Sq"
              },
              {
                "kind": "TypeNominal",
                "name": "Int",
                "printedName": "Swift.Int",
                "usr": "s:Si"
              }
            ],
            "declKind": "Constructor",
            "usr": "s:19SalesforceSDKCommon25KeychainItemAccessibilityO8rawValueACSgSi_tcfc",
            "mangledName": "$s19SalesforceSDKCommon25KeychainItemAccessibilityO8rawValueACSgSi_tcfc",
            "moduleName": "SalesforceSDKCommon",
            "implicit": true,
            "init_kind": "Designated"
          },
          {
            "kind": "Var",
            "name": "rawValue",
            "printedName": "rawValue",
            "children": [
              {
                "kind": "TypeNominal",
                "name": "Int",
                "printedName": "Swift.Int",
                "usr": "s:Si"
              }
            ],
            "declKind": "Var",
            "usr": "s:19SalesforceSDKCommon25KeychainItemAccessibilityO8rawValueSivp",
            "mangledName": "$s19SalesforceSDKCommon25KeychainItemAccessibilityO8rawValueSivp",
            "moduleName": "SalesforceSDKCommon",
            "implicit": true,
            "accessors": [
              {
                "kind": "Accessor",
                "name": "Get",
                "printedName": "Get()",
                "children": [
                  {
                    "kind": "TypeNominal",
                    "name": "Int",
                    "printedName": "Swift.Int",
                    "usr": "s:Si"
                  }
                ],
                "declKind": "Accessor",
                "usr": "s:19SalesforceSDKCommon25KeychainItemAccessibilityO8rawValueSivg",
                "mangledName": "$s19SalesforceSDKCommon25KeychainItemAccessibilityO8rawValueSivg",
                "moduleName": "SalesforceSDKCommon",
                "implicit": true,
                "accessorKind": "get"
              }
            ]
          }
        ],
        "declKind": "Enum",
        "usr": "c:@M@SalesforceSDKCommon@E@KeychainItemAccessibility",
        "mangledName": "$s19SalesforceSDKCommon25KeychainItemAccessibilityO",
        "moduleName": "SalesforceSDKCommon",
        "declAttributes": [
          "AccessControl",
          "ObjC",
          "RawDocComment"
        ],
        "enumRawTypeName": "Int",
        "conformances": [
          {
            "kind": "Conformance",
            "name": "Equatable",
            "printedName": "Equatable",
            "usr": "s:SQ",
            "mangledName": "$sSQ"
          },
          {
            "kind": "Conformance",
            "name": "Hashable",
            "printedName": "Hashable",
            "usr": "s:SH",
            "mangledName": "$sSH"
          },
          {
            "kind": "Conformance",
            "name": "RawRepresentable",
            "printedName": "RawRepresentable",
            "children": [
              {
                "kind": "TypeWitness",
                "name": "RawValue",
                "printedName": "RawValue",
                "children": [
                  {
                    "kind": "TypeNominal",
                    "name": "Int",
                    "printedName": "Swift.Int",
                    "usr": "s:Si"
                  }
                ]
              }
            ],
            "usr": "s:SY",
            "mangledName": "$sSY"
          }
        ]
      },
      {
        "kind": "Import",
        "name": "Foundation",
        "printedName": "Foundation",
        "declKind": "Import",
        "moduleName": "SalesforceSDKCommon",
        "declAttributes": [
          "RawDocComment"
        ]
      },
      {
        "kind": "Import",
        "name": "Foundation",
        "printedName": "Foundation",
        "declKind": "Import",
        "moduleName": "SalesforceSDKCommon",
        "declAttributes": [
          "RawDocComment"
        ]
      }
    ],
    "json_format_version": 8
  },
  "ConstValues": [
    {
      "filePath": "\/Users\/wmathurin\/Development\/github\/wmathurin\/SalesforceMobileSDK-Package\/release12\/SalesforceMobileSDK-iOS-SPM\/SalesforceMobileSDK-iOS\/libs\/SalesforceSDKCommon\/SalesforceSDKCommon\/Classes\/Keychain\/KeychainHelper.swift",
      "kind": "BooleanLiteral",
      "offset": 2060,
      "length": 4,
      "value": "true"
    },
    {
      "filePath": "\/Users\/wmathurin\/Development\/github\/wmathurin\/SalesforceMobileSDK-Package\/release12\/SalesforceMobileSDK-iOS-SPM\/SalesforceMobileSDK-iOS\/libs\/SalesforceSDKCommon\/SalesforceSDKCommon\/Classes\/Keychain\/KeychainHelper.swift",
      "kind": "IntegerLiteral",
      "offset": 2222,
      "length": 7,
      "value": "1"
    },
    {
      "filePath": "\/Users\/wmathurin\/Development\/github\/wmathurin\/SalesforceMobileSDK-Package\/release12\/SalesforceMobileSDK-iOS-SPM\/SalesforceMobileSDK-iOS\/libs\/SalesforceSDKCommon\/SalesforceSDKCommon\/Classes\/Keychain\/KeychainHelper.swift",
      "kind": "IntegerLiteral",
      "offset": 2243,
      "length": 8,
      "value": "2"
    },
    {
      "filePath": "\/Users\/wmathurin\/Development\/github\/wmathurin\/SalesforceMobileSDK-Package\/release12\/SalesforceMobileSDK-iOS-SPM\/SalesforceMobileSDK-iOS\/libs\/SalesforceSDKCommon\/SalesforceSDKCommon\/Classes\/Keychain\/KeychainHelper.swift",
      "kind": "IntegerLiteral",
      "offset": 2222,
      "length": 7,
      "value": "1"
    },
    {
      "filePath": "\/Users\/wmathurin\/Development\/github\/wmathurin\/SalesforceMobileSDK-Package\/release12\/SalesforceMobileSDK-iOS-SPM\/SalesforceMobileSDK-iOS\/libs\/SalesforceSDKCommon\/SalesforceSDKCommon\/Classes\/Keychain\/KeychainHelper.swift",
      "kind": "IntegerLiteral",
      "offset": 2243,
      "length": 8,
      "value": "2"
    },
    {
      "filePath": "\/Users\/wmathurin\/Development\/github\/wmathurin\/SalesforceMobileSDK-Package\/release12\/SalesforceMobileSDK-iOS-SPM\/SalesforceMobileSDK-iOS\/libs\/SalesforceSDKCommon\/SalesforceSDKCommon\/Classes\/Keychain\/KeychainHelper.swift",
      "kind": "StringLiteral",
      "offset": 16772,
      "length": 66,
      "value": "\"com.salesforce.mobilesdk.readWriteQueue\""
    },
    {
      "filePath": "\/Users\/wmathurin\/Development\/github\/wmathurin\/SalesforceMobileSDK-Package\/release12\/SalesforceMobileSDK-iOS-SPM\/SalesforceMobileSDK-iOS\/libs\/SalesforceSDKCommon\/SalesforceSDKCommon\/Classes\/Keychain\/KeychainHelper.swift",
      "kind": "IntegerLiteral",
      "offset": 16833,
      "length": 2,
      "value": "32"
    },
    {
      "filePath": "\/Users\/wmathurin\/Development\/github\/wmathurin\/SalesforceMobileSDK-Package\/release12\/SalesforceMobileSDK-iOS-SPM\/SalesforceMobileSDK-iOS\/libs\/SalesforceSDKCommon\/SalesforceSDKCommon\/Classes\/Keychain\/KeychainHelper.swift",
      "kind": "StringLiteral",
      "offset": 16837,
      "length": 93,
      "value": "\"\""
    },
    {
      "filePath": "\/Users\/wmathurin\/Development\/github\/wmathurin\/SalesforceMobileSDK-Package\/release12\/SalesforceMobileSDK-iOS-SPM\/SalesforceMobileSDK-iOS\/libs\/SalesforceSDKCommon\/SalesforceSDKCommon\/Classes\/Keychain\/KeychainHelper.swift",
      "kind": "StringLiteral",
      "offset": 19908,
      "length": 35,
      "value": "\"com.salesforce.security.baseappid\""
    },
    {
      "filePath": "\/Users\/wmathurin\/Development\/github\/wmathurin\/SalesforceMobileSDK-Package\/release12\/SalesforceMobileSDK-iOS-SPM\/SalesforceMobileSDK-iOS\/libs\/SalesforceSDKCommon\/SalesforceSDKCommon\/Classes\/Keychain\/KeychainHelper.swift",
      "kind": "StringLiteral",
      "offset": 19971,
      "length": 34,
      "value": "\"com.salesforce.security.passcode\""
    },
    {
      "filePath": "\/Users\/wmathurin\/Development\/github\/wmathurin\/SalesforceMobileSDK-Package\/release12\/SalesforceMobileSDK-iOS-SPM\/SalesforceMobileSDK-iOS\/libs\/SalesforceSDKCommon\/SalesforceSDKCommon\/Classes\/Keychain\/KeychainHelper.swift",
      "kind": "StringLiteral",
      "offset": 20034,
      "length": 28,
      "value": "\"com.salesforce.security.IV\""
    },
    {
      "filePath": "\/Users\/wmathurin\/Development\/github\/wmathurin\/SalesforceMobileSDK-Package\/release12\/SalesforceMobileSDK-iOS-SPM\/SalesforceMobileSDK-iOS\/libs\/SalesforceSDKCommon\/SalesforceSDKCommon\/Classes\/Keychain\/KeychainHelper.swift",
      "kind": "StringLiteral",
      "offset": 20140,
      "length": 39,
      "value": "\"com.salesforce.security.baseappid.sim\""
    },
    {
      "filePath": "\/Users\/wmathurin\/Development\/github\/wmathurin\/SalesforceMobileSDK-Package\/release12\/SalesforceMobileSDK-iOS-SPM\/SalesforceMobileSDK-iOS\/libs\/SalesforceSDKCommon\/SalesforceSDKCommon\/Classes\/Keychain\/KeychainHelper.swift",
      "kind": "StringLiteral",
      "offset": 20208,
      "length": 29,
      "value": "\"com.salesforce.oauth.access\""
    },
    {
      "filePath": "\/Users\/wmathurin\/Development\/github\/wmathurin\/SalesforceMobileSDK-Package\/release12\/SalesforceMobileSDK-iOS-SPM\/SalesforceMobileSDK-iOS\/libs\/SalesforceSDKCommon\/SalesforceSDKCommon\/Classes\/Keychain\/KeychainHelper.swift",
      "kind": "StringLiteral",
      "offset": 20266,
      "length": 30,
      "value": "\"com.salesforce.oauth.refresh\""
    },
    {
      "filePath": "\/Users\/wmathurin\/Development\/github\/wmathurin\/SalesforceMobileSDK-Package\/release12\/SalesforceMobileSDK-iOS-SPM\/SalesforceMobileSDK-iOS\/libs\/SalesforceSDKCommon\/SalesforceSDKCommon\/Classes\/Keychain\/KeychainHelper.swift",
      "kind": "StringLiteral",
      "offset": 20325,
      "length": 37,
      "value": "\"com.salesforce.security.lockoutTime\""
    },
    {
      "filePath": "\/Users\/wmathurin\/Development\/github\/wmathurin\/SalesforceMobileSDK-Package\/release12\/SalesforceMobileSDK-iOS-SPM\/SalesforceMobileSDK-iOS\/libs\/SalesforceSDKCommon\/SalesforceSDKCommon\/Classes\/Keychain\/KeychainHelper.swift",
      "kind": "StringLiteral",
      "offset": 20391,
      "length": 34,
      "value": "\"com.salesforce.security.isLocked\""
    },
    {
      "filePath": "\/Users\/wmathurin\/Development\/github\/wmathurin\/SalesforceMobileSDK-Package\/release12\/SalesforceMobileSDK-iOS-SPM\/SalesforceMobileSDK-iOS\/libs\/SalesforceSDKCommon\/SalesforceSDKCommon\/Classes\/Keychain\/KeychainHelper.swift",
      "kind": "StringLiteral",
      "offset": 20454,
      "length": 48,
      "value": "\"com.salesforce.security.passcode.pbkdf2.verify\""
    },
    {
      "filePath": "\/Users\/wmathurin\/Development\/github\/wmathurin\/SalesforceMobileSDK-Package\/release12\/SalesforceMobileSDK-iOS-SPM\/SalesforceMobileSDK-iOS\/libs\/SalesforceSDKCommon\/SalesforceSDKCommon\/Classes\/Keychain\/KeychainHelper.swift",
      "kind": "Array",
      "offset": 20530,
      "length": 124,
      "value": "[\"com.salesforce.keystore.generatedKeystoreKeychainId\", \"com.salesforce.keystore.generatedKeystoreEncryptionKeyId\"]"
    },
    {
      "filePath": "\/Users\/wmathurin\/Development\/github\/wmathurin\/SalesforceMobileSDK-Package\/release12\/SalesforceMobileSDK-iOS-SPM\/SalesforceMobileSDK-iOS\/libs\/SalesforceSDKCommon\/SalesforceSDKCommon\/Classes\/Keychain\/KeychainHelper.swift",
      "kind": "StringLiteral",
      "offset": 25016,
      "length": 14,
      "value": "\"SalesforceSDKCommon.KeychainResult\""
    },
    {
      "filePath": "\/Users\/wmathurin\/Development\/github\/wmathurin\/SalesforceMobileSDK-Package\/release12\/SalesforceMobileSDK-iOS-SPM\/SalesforceMobileSDK-iOS\/libs\/SalesforceSDKCommon\/SalesforceSDKCommon\/Classes\/Keychain\/KeychainHelper.swift",
      "kind": "IntegerLiteral",
      "offset": 25684,
      "length": 26,
      "value": "1"
    },
    {
      "filePath": "\/Users\/wmathurin\/Development\/github\/wmathurin\/SalesforceMobileSDK-Package\/release12\/SalesforceMobileSDK-iOS-SPM\/SalesforceMobileSDK-iOS\/libs\/SalesforceSDKCommon\/SalesforceSDKCommon\/Classes\/Keychain\/KeychainHelper.swift",
      "kind": "IntegerLiteral",
      "offset": 25720,
      "length": 16,
      "value": "2"
    },
    {
      "filePath": "\/Users\/wmathurin\/Development\/github\/wmathurin\/SalesforceMobileSDK-Package\/release12\/SalesforceMobileSDK-iOS-SPM\/SalesforceMobileSDK-iOS\/libs\/SalesforceSDKCommon\/SalesforceSDKCommon\/Classes\/Keychain\/KeychainHelper.swift",
      "kind": "IntegerLiteral",
      "offset": 25746,
      "length": 30,
      "value": "3"
    },
    {
      "filePath": "\/Users\/wmathurin\/Development\/github\/wmathurin\/SalesforceMobileSDK-Package\/release12\/SalesforceMobileSDK-iOS-SPM\/SalesforceMobileSDK-iOS\/libs\/SalesforceSDKCommon\/SalesforceSDKCommon\/Classes\/Keychain\/KeychainHelper.swift",
      "kind": "IntegerLiteral",
      "offset": 25786,
      "length": 29,
      "value": "4"
    },
    {
      "filePath": "\/Users\/wmathurin\/Development\/github\/wmathurin\/SalesforceMobileSDK-Package\/release12\/SalesforceMobileSDK-iOS-SPM\/SalesforceMobileSDK-iOS\/libs\/SalesforceSDKCommon\/SalesforceSDKCommon\/Classes\/Keychain\/KeychainHelper.swift",
      "kind": "IntegerLiteral",
      "offset": 25684,
      "length": 26,
      "value": "1"
    },
    {
      "filePath": "\/Users\/wmathurin\/Development\/github\/wmathurin\/SalesforceMobileSDK-Package\/release12\/SalesforceMobileSDK-iOS-SPM\/SalesforceMobileSDK-iOS\/libs\/SalesforceSDKCommon\/SalesforceSDKCommon\/Classes\/Keychain\/KeychainHelper.swift",
      "kind": "IntegerLiteral",
      "offset": 25720,
      "length": 16,
      "value": "2"
    },
    {
      "filePath": "\/Users\/wmathurin\/Development\/github\/wmathurin\/SalesforceMobileSDK-Package\/release12\/SalesforceMobileSDK-iOS-SPM\/SalesforceMobileSDK-iOS\/libs\/SalesforceSDKCommon\/SalesforceSDKCommon\/Classes\/Keychain\/KeychainHelper.swift",
      "kind": "IntegerLiteral",
      "offset": 25746,
      "length": 30,
      "value": "3"
    },
    {
      "filePath": "\/Users\/wmathurin\/Development\/github\/wmathurin\/SalesforceMobileSDK-Package\/release12\/SalesforceMobileSDK-iOS-SPM\/SalesforceMobileSDK-iOS\/libs\/SalesforceSDKCommon\/SalesforceSDKCommon\/Classes\/Keychain\/KeychainHelper.swift",
      "kind": "IntegerLiteral",
      "offset": 25786,
      "length": 29,
      "value": "4"
    },
    {
      "filePath": "\/Users\/wmathurin\/Development\/github\/wmathurin\/SalesforceMobileSDK-Package\/release12\/SalesforceMobileSDK-iOS-SPM\/SalesforceMobileSDK-iOS\/libs\/SalesforceSDKCommon\/SalesforceSDKCommon\/Classes\/Keychain\/KeychainItemManager.swift",
      "kind": "StringLiteral",
      "offset": 1872,
      "length": 43,
      "value": "\"com.salesforce.security.keychainException\""
    },
    {
      "filePath": "\/Users\/wmathurin\/Development\/github\/wmathurin\/SalesforceMobileSDK-Package\/release12\/SalesforceMobileSDK-iOS-SPM\/SalesforceMobileSDK-iOS\/libs\/SalesforceSDKCommon\/SalesforceSDKCommon\/Classes\/Keychain\/KeychainItemManager.swift",
      "kind": "StringLiteral",
      "offset": 1937,
      "length": 26,
      "value": "\"com.salesforce.mobilesdk\""
    },
    {
      "filePath": "\/Users\/wmathurin\/Development\/github\/wmathurin\/SalesforceMobileSDK-Package\/release12\/SalesforceMobileSDK-iOS-SPM\/SalesforceMobileSDK-iOS\/libs\/SalesforceSDKCommon\/SalesforceSDKCommon\/Classes\/Keychain\/KeychainItemManager.swift",
      "kind": "StringLiteral",
      "offset": 1751,
      "length": 19,
      "value": "\"SalesforceSDKCommon.KeychainItemManager\""
    }
  ]
}